name,samaccountname,firstname,lastname,displayname,office,ou,password,department,description,email,Userprincipalname
sang1,sang1,sang,1,sang_1,Aplus,7Th/DaNang/Law,123qwe!@#,BOD,Hello sang 1,sang1@gmail.com,
sang2,sang2,sang,2,sang_2,Aplus,7Th/DaNang/Law,123qwe!@#,BOD,Hello sang 2,sang2@gmail.com,
sang3,sang3,sang,3,sang_3,Aplus,7Th/DaNang/Law,123qwe!@#,BOD,Hello sang 3,sang3@gmail.com,
sang4,sang4,sang,4,sang_4,Aplus,7Th/DaNang/Law,123qwe!@#,BOD,Hello sang 4,sang4@gmail.com,
sang5,sang5,sang,5,sang_5,Aplus,7Th/DaNang/Law,123qwe!@#,BOD,Hello sang 5,sang5@gmail.com,
sang6,sang6,sang,6,sang_6,Aplus,7Th/DaNang/Law,123qwe!@#,BOD,Hello sang 6,sang6@gmail.com,
sang7,sang7,sang,7,sang_7,Aplus,7Th/DaNang/Law,123qwe!@#,BOD,Hello sang 7,sang7@gmail.com,
sang8,sang8,sang,8,sang_8,Aplus,7Th/DaNang/Law,123qwe!@#,BOD,Hello sang 8,sang8@gmail.com,
sang9,sang9,sang,9,sang_9,Aplus,7Th/DaNang/Law,123qwe!@#,BOD,Hello sang 9,sang9@gmail.com,
sang10,sang10,sang,10,sang_10,Aplus,7Th/DaNang/Law,123qwe!@#,BOD,Hello sang 10,sang10@gmail.com,
sang11,sang11,sang,11,sang_11,Aplus,7Th/DaNang/Law,123qwe!@#,BOD,Hello sang 11,sang11@gmail.com,
sang12,sang12,sang,12,sang_12,Aplus,7Th/DaNang/Law,123qwe!@#,BOD,Hello sang 12,sang12@gmail.com,
sang13,sang13,sang,13,sang_13,Aplus,7Th/DaNang/Law,123qwe!@#,BOD,Hello sang 13,sang13@gmail.com,
sang14,sang14,sang,14,sang_14,Aplus,7Th/DaNang/Law,123qwe!@#,BOD,Hello sang 14,sang14@gmail.com,
sang15,sang15,sang,15,sang_15,Aplus,7Th/DaNang/Law,123qwe!@#,BOD,Hello sang 15,sang15@gmail.com,
